rmse_seconds,mae_seconds,mape_pct
1098.3770145352953,195.1090607399415,24.491916902177909
